,p,q,prob_hide_friend,prob_interfriend_edge,DOT-VAR mean,DOT-VAR conf_mean,DOT-VAR conf_left,DOT-VAR conf_right,Combo-LP mean,Combo-LP conf_mean,Combo-LP conf_left,Combo-LP conf_right,DOT-LP mean,DOT-LP conf_mean,DOT-LP conf_left,DOT-LP conf_right,DOT-Combo mean,DOT-Combo conf_mean,DOT-Combo conf_left,DOT-Combo conf_right,VAR-LP mean,VAR-LP conf_mean,VAR-LP conf_left,VAR-LP conf_right,LP mean,LP conf_mean,LP conf_left,LP conf_right,Combo mean,Combo conf_mean,Combo conf_left,Combo conf_right,VAR mean,VAR conf_mean,VAR conf_left,VAR conf_right,DOT mean,DOT conf_mean,DOT conf_left,DOT conf_right
0,0.2,0.2,0.0,0.3,0.0,0.0,0.0,0.0,0.0,0.0,0.0,0.0,0.0,0.0,0.0,0.0,0.0,0.0,0.0,0.0,0.0,0.0,0.0,0.0,0.82,0.8196000000000001,0.7590703378499435,0.8801296621500567,0.82,0.8173999999999999,0.7563652557963908,0.878434744203609,0.82,0.8123999999999999,0.7636738263353255,0.8611261736646743,0.82,0.8181999999999999,0.7685536506880918,0.8678463493119081
1,0.2,0.25,0.0,0.3,-0.04,-0.038200000000000005,-0.0627104059533905,-0.01368959404660951,0.0,0.0,0.0,0.0,0.0,0.0,0.0,0.0,0.0,0.0,0.0,0.0,0.04,0.04279999999999999,0.011813551349017092,0.07378644865098288,0.82,0.8118000000000001,0.7631300914321797,0.8604699085678205,0.82,0.8229999999999998,0.7713569946652984,0.8746430053347013,0.86,0.8756000000000002,0.8371729262108083,0.914027073789192,0.82,0.8198000000000001,0.7687709886437137,0.8708290113562864
2,0.2,0.3,0.0,0.3,-0.12,-0.11999999999999997,-0.162614551505325,-0.07738544849467494,0.12,0.11380000000000001,0.07159147005639738,0.15600852994360265,0.06,0.05839999999999999,0.025943259559838713,0.09085674044016126,-0.06,-0.05859999999999999,-0.09025501540040692,-0.02694498459959306,0.18,0.18380000000000002,0.12760782972690948,0.23999217027309055,0.82,0.8221999999999998,0.7720885242683873,0.8723114757316124,0.94,0.944,0.9146061230866018,0.9733938769133981,1.0,1.0,1.0,1.0,0.88,0.8776,0.8333028217602972,0.9218971782397029
3,0.2,0.35,0.0,0.3,0.0,0.0,0.0,0.0,0.16,0.15960000000000002,0.1090051386008421,0.21019486139915794,0.16,0.15779999999999997,0.10332835600057583,0.2122716439994241,0.0,0.0,0.0,0.0,0.16,0.15380000000000002,0.10236499246622008,0.20523500753377996,0.84,0.8371999999999999,0.7891150751274373,0.8852849248725626,1.0,1.0,1.0,1.0,1.0,1.0,1.0,1.0,1.0,1.0,1.0,1.0
4,0.25,0.2,0.0,0.3,-0.02,-0.0206,-0.04008435269645876,-0.0011156473035412381,0.0,0.0,0.0,0.0,0.0,0.0,0.0,0.0,0.0,0.0,0.0,0.0,0.02,0.022399999999999996,0.002544522166414629,0.04225547783358537,0.72,0.7186,0.6534690549738452,0.7837309450261548,0.72,0.7241999999999998,0.6599321231095968,0.7884678768904029,0.74,0.7418,0.686439725434207,0.7971602745657931,0.72,0.71,0.6419705945932201,0.7780294054067798
5,0.25,0.25,0.0,0.3,-0.14,-0.1392,-0.1889127750180977,-0.08948722498190229,0.14,0.13620000000000002,0.09250148743950204,0.179898512560498,0.06,0.0564,0.027502941326148774,0.08529705867385122,-0.08,-0.0732,-0.10843861518277925,-0.03796138481722075,0.2,0.20440000000000003,0.14929428341814258,0.2595057165818575,0.74,0.7482000000000001,0.6923362371478613,0.8040637628521389,0.88,0.8774000000000001,0.8320873086210938,0.9227126913789063,0.94,0.9436,0.9061428244524496,0.9810571755475503,0.8,0.7978000000000001,0.7388834488449978,0.8567165511550023
6,0.25,0.3,0.0,0.3,-0.04,-0.04,-0.06742261840160418,-0.012577381598395821,0.24,0.23439999999999994,0.17039500019529719,0.2984049998047027,0.2,0.21,0.15697170566574858,0.2630282943342514,-0.04,-0.04299999999999999,-0.07062245463386627,-0.01537754536613372,0.24,0.23580000000000007,0.1830898491749455,0.2885101508250546,0.76,0.7544000000000001,0.6929456266812525,0.8158543733187477,1.0,1.0,1.0,1.0,1.0,1.0,1.0,1.0,0.96,0.9599999999999999,0.9306061230866017,0.989393876913398
7,0.25,0.35,0.0,0.3,0.0,0.0,0.0,0.0,0.08,0.0776,0.03983440719384906,0.11536559280615094,0.08,0.08739999999999998,0.04253085692817388,0.13226914307182608,0.0,0.0,0.0,0.0,0.08,0.0816,0.03910953048035361,0.1240904695196464,0.92,0.9206,0.8844386947138243,0.9567613052861756,1.0,1.0,1.0,1.0,1.0,1.0,1.0,1.0,1.0,1.0,1.0,1.0
8,0.3,0.2,0.0,0.3,-0.12,-0.1202,-0.16388020146473686,-0.07651979853526314,0.1,0.09540000000000001,0.05472027532049905,0.13607972467950097,0.04,0.040999999999999995,0.013233113246170356,0.06876688675382964,-0.06,-0.0582,-0.08867556398165587,-0.02772443601834414,0.16,0.15320000000000003,0.105098440773713,0.20130155922628706,0.68,0.671,0.603985076288934,0.738014923711066,0.78,0.777,0.7116165158468899,0.8423834841531102,0.84,0.8415999999999998,0.7870707417985535,0.8961292582014461,0.72,0.7186000000000002,0.6598629588760212,0.7773370411239793
9,0.3,0.25,0.0,0.3,-0.06,-0.061599999999999995,-0.0950281318652419,-0.028171868134758103,0.34,0.34380000000000005,0.2728242294863945,0.4147757705136056,0.28,0.275,0.20721357067967072,0.3427864293203293,-0.06,-0.061599999999999995,-0.09149046670763104,-0.03170953329236895,0.34,0.3459999999999999,0.28073132451167704,0.4112686754883228,0.66,0.6579999999999999,0.5919999999999999,0.724,1.0,1.0,1.0,1.0,1.0,1.0,1.0,1.0,0.94,0.9426000000000001,0.9103937894188094,0.9748062105811908
10,0.3,0.3,0.0,0.3,0.0,0.0,0.0,0.0,0.12,0.12719999999999998,0.08252159358258174,0.17187840641741822,0.12,0.11960000000000001,0.06956161473428625,0.1696383852657138,0.0,0.0,0.0,0.0,0.12,0.12399999999999999,0.07795654226711464,0.17004345773288532,0.88,0.8764000000000002,0.8321841657321726,0.9206158342678278,1.0,1.0,1.0,1.0,1.0,1.0,1.0,1.0,1.0,1.0,1.0,1.0
11,0.3,0.35,0.0,0.3,0.0,0.0,0.0,0.0,0.0,0.0,0.0,0.0,0.0,0.0,0.0,0.0,0.0,0.0,0.0,0.0,0.0,0.0,0.0,0.0,1.0,1.0,1.0,1.0,1.0,1.0,1.0,1.0,1.0,1.0,1.0,1.0,1.0,1.0,1.0,1.0
12,0.35,0.2,0.0,0.3,-0.02,-0.023399999999999997,-0.04476445646394965,-0.0020355435360503472,0.26,0.2596,0.19037688247413298,0.328823117525867,0.24,0.236,0.176805405652205,0.29519459434779494,-0.02,-0.018600000000000002,-0.038247900651214625,0.0010479006512146213,0.26,0.262,0.2,0.324,0.72,0.7272,0.6650054664781542,0.7893945335218457,0.98,0.9814000000000002,0.9607592635790291,1.0020407364209711,0.98,0.9804,0.9612208446484211,0.999579155351579,0.96,0.9628,0.9367201226996751,0.9888798773003249
13,0.35,0.25,0.0,0.3,0.0,0.0,0.0,0.0,0.08,0.0768,0.04016995768498212,0.11343004231501787,0.08,0.07519999999999999,0.037451357640307104,0.11294864235969287,0.0,0.0,0.0,0.0,0.08,0.0754,0.03930512501753192,0.11149487498246807,0.92,0.9188,0.8742740525086775,0.9633259474913224,1.0,1.0,1.0,1.0,1.0,1.0,1.0,1.0,1.0,1.0,1.0,1.0
14,0.35,0.3,0.0,0.3,0.0,0.0,0.0,0.0,0.0,0.0,0.0,0.0,0.0,0.0,0.0,0.0,0.0,0.0,0.0,0.0,0.0,0.0,0.0,0.0,1.0,1.0,1.0,1.0,1.0,1.0,1.0,1.0,1.0,1.0,1.0,1.0,1.0,1.0,1.0,1.0
15,0.35,0.35,0.0,0.3,0.0,0.0,0.0,0.0,0.0,0.0,0.0,0.0,0.0,0.0,0.0,0.0,0.0,0.0,0.0,0.0,0.0,0.0,0.0,0.0,1.0,1.0,1.0,1.0,1.0,1.0,1.0,1.0,1.0,1.0,1.0,1.0,1.0,1.0,1.0,1.0
16,0.2,0.2,0.1,0.3,0.0,0.0,0.0,0.0,0.0,0.0,0.0,0.0,0.0,0.0,0.0,0.0,0.0,0.0,0.0,0.0,0.0,0.0,0.0,0.0,0.82,0.8242000000000002,0.7696256470491863,0.878774352950814,0.82,0.8196000000000001,0.774524064069617,0.8646759359303832,0.82,0.8284,0.7750198538780569,0.8817801461219431,0.82,0.8242,0.7645144908708991,0.883885509129101
17,0.2,0.25,0.1,0.3,0.0,0.0,0.0,0.0,0.0,0.0,0.0,0.0,0.0,0.0,0.0,0.0,0.0,0.0,0.0,0.0,0.0,0.0,0.0,0.0,0.82,0.821,0.7686645435674818,0.8733354564325181,0.82,0.8126000000000001,0.7594093993265728,0.8657906006734274,0.82,0.8146000000000001,0.7613943612010908,0.8678056387989094,0.82,0.8164,0.764293954285515,0.868506045714485
18,0.2,0.3,0.1,0.3,-0.08,-0.0766,-0.11159199908550524,-0.04160800091449476,0.12,0.1222,0.08054474823026513,0.16385525176973487,0.06,0.05999999999999999,0.029536907576544355,0.09046309242345563,-0.06,-0.05839999999999998,-0.0859216278588313,-0.03087837214116866,0.14,0.1364,0.0864896804257877,0.1863103195742123,0.82,0.8114,0.756536168562522,0.866263831437478,0.94,0.9468,0.9169711548999966,0.9766288451000034,0.96,0.9625999999999999,0.9359684397753342,0.9892315602246656,0.88,0.8766000000000002,0.826316404265407,0.9268835957345933
19,0.2,0.35,0.1,0.3,0.0,0.0,0.0,0.0,0.16,0.15859999999999996,0.11530981635520585,0.20189018364479408,0.16,0.1578,0.10800883612527218,0.2075911638747278,0.0,0.0,0.0,0.0,0.16,0.157,0.10930303992915272,0.20469696007084728,0.84,0.8370000000000002,0.7864529921755997,0.8875470078244007,1.0,1.0,1.0,1.0,1.0,1.0,1.0,1.0,1.0,1.0,1.0,1.0
20,0.25,0.2,0.1,0.3,0.0,0.0,0.0,0.0,0.0,0.0,0.0,0.0,0.0,0.0,0.0,0.0,0.0,0.0,0.0,0.0,0.0,0.0,0.0,0.0,0.72,0.7234000000000002,0.6568835358726881,0.7899164641273122,0.72,0.7201999999999998,0.6544431752591412,0.7859568247408585,0.72,0.7276,0.6698571216512375,0.7853428783487626,0.72,0.718,0.6550396950452112,0.7809603049547887
21,0.25,0.25,0.1,0.3,0.0,0.00019999999999999966,-0.028154188403126616,0.028554188403126613,0.12,0.121,0.069279597836057,0.172720402163943,0.06,0.061399999999999996,0.02649957020321956,0.09630042979678044,-0.06,-0.0544,-0.08421006541421873,-0.024589934585781265,0.06,0.0608,0.025823436418081325,0.09577656358191868,0.74,0.7362000000000002,0.6727211846361325,0.7996788153638679,0.86,0.8682,0.8217160242664205,0.9146839757335794,0.8,0.8018,0.743758980022746,0.8598410199772539,0.8,0.7884,0.7347955225750684,0.8420044774249316
22,0.25,0.3,0.1,0.3,-0.06,-0.0582,-0.09398770738675502,-0.022412292613244983,0.24,0.24720000000000006,0.17975995255043192,0.3146400474495682,0.18,0.17299999999999996,0.11697322068867419,0.22902677931132573,-0.06,-0.0622,-0.09130601312443874,-0.033093986875561254,0.24,0.2398,0.18125121692127155,0.2983487830787285,0.76,0.7535999999999998,0.6952987135647932,0.8119012864352064,1.0,1.0,1.0,1.0,1.0,1.0,1.0,1.0,0.94,0.9394,0.9062391797447651,0.9725608202552349
23,0.25,0.35,0.1,0.3,0.0,0.0,0.0,0.0,0.08,0.08039999999999999,0.038832705163794924,0.12196729483620505,0.08,0.081,0.0434367200580141,0.1185632799419859,0.0,0.0,0.0,0.0,0.08,0.08560000000000001,0.05083449985977479,0.12036550014022523,0.92,0.9234,0.8864075683416188,0.9603924316583812,1.0,1.0,1.0,1.0,1.0,1.0,1.0,1.0,1.0,1.0,1.0,1.0
24,0.3,0.2,0.1,0.3,0.02,0.0204,-0.0013218783718167391,0.042121878371816746,0.12,0.11680000000000003,0.07060735989359346,0.1629926401064066,0.04,0.0378,0.012048106865707911,0.06355189313429209,-0.08,-0.079,-0.11730143600441112,-0.04069856399558889,0.02,0.0202,0.0001012438195792803,0.04029875618042072,0.68,0.6829999999999998,0.6273313373611327,0.738668662638867,0.8,0.8047999999999998,0.7480112687234517,0.861588731276548,0.7,0.6922,0.6245009601249767,0.7598990398750234,0.72,0.7352000000000001,0.6785523169052785,0.7918476830947216
25,0.3,0.25,0.1,0.3,0.02,0.0216,0.0008770658448182117,0.04232293415518179,0.32,0.3138,0.24558299332277914,0.38201700667722094,0.3,0.3048,0.24041863623687365,0.3691813637631264,-0.02,-0.024000000000000004,-0.04554065922853802,-0.0024593407714619854,0.28,0.28080000000000005,0.2136333416046325,0.3479666583953676,0.66,0.6581999999999999,0.589317781684966,0.7270822183150338,0.98,0.9828000000000001,0.9653598165147268,1.0002401834852734,0.94,0.9398000000000001,0.9061553867610282,0.9734446132389719,0.96,0.9632000000000001,0.9367092468963225,0.9896907531036776
26,0.3,0.3,0.1,0.3,0.0,0.0,0.0,0.0,0.14,0.1332,0.08427393332792836,0.18212606667207165,0.14,0.1494,0.09837412421133765,0.20042587578866236,0.0,0.0,0.0,0.0,0.14,0.14239999999999997,0.09487905724840887,0.18992094275159108,0.86,0.8578000000000001,0.8101433110675953,0.9054566889324049,1.0,1.0,1.0,1.0,1.0,1.0,1.0,1.0,1.0,1.0,1.0,1.0
27,0.3,0.35,0.1,0.3,0.0,0.0,0.0,0.0,0.0,0.0,0.0,0.0,0.0,0.0,0.0,0.0,0.0,0.0,0.0,0.0,0.0,0.0,0.0,0.0,1.0,1.0,1.0,1.0,1.0,1.0,1.0,1.0,1.0,1.0,1.0,1.0,1.0,1.0,1.0,1.0
28,0.35,0.2,0.1,0.3,0.1,0.0968,0.05984380972015649,0.1337561902798435,0.26,0.26099999999999995,0.20287083348266546,0.3191291665173344,0.24,0.23980000000000004,0.1778003225814844,0.3017996774185157,-0.02,-0.0196,-0.038569449122207,-0.0006305508777929986,0.14,0.1362,0.09380235855616492,0.17859764144383505,0.72,0.7112000000000002,0.6503842125760096,0.7720157874239907,0.98,0.9802000000000001,0.9599032022230107,1.0004967977769894,0.86,0.8658,0.8137004798486589,0.9178995201513411,0.96,0.9616,0.9323863045815837,0.9908136954184164
29,0.35,0.25,0.1,0.3,0.0,0.0,0.0,0.0,0.1,0.10339999999999999,0.0632946387623799,0.1435053612376201,0.1,0.09960000000000001,0.05364523963722583,0.14555476036277418,0.0,0.0,0.0,0.0,0.1,0.10140000000000002,0.057467779477927604,0.14533222052207243,0.9,0.8948,0.8569984127317384,0.9326015872682617,1.0,1.0,1.0,1.0,1.0,1.0,1.0,1.0,1.0,1.0,1.0,1.0
30,0.35,0.3,0.1,0.3,0.0,0.0,0.0,0.0,0.0,0.0,0.0,0.0,0.0,0.0,0.0,0.0,0.0,0.0,0.0,0.0,0.0,0.0,0.0,0.0,1.0,1.0,1.0,1.0,1.0,1.0,1.0,1.0,1.0,1.0,1.0,1.0,1.0,1.0,1.0,1.0
31,0.35,0.35,0.1,0.3,0.0,0.0,0.0,0.0,0.0,0.0,0.0,0.0,0.0,0.0,0.0,0.0,0.0,0.0,0.0,0.0,0.0,0.0,0.0,0.0,1.0,1.0,1.0,1.0,1.0,1.0,1.0,1.0,1.0,1.0,1.0,1.0,1.0,1.0,1.0,1.0
32,0.2,0.2,0.2,0.3,0.0,0.0,0.0,0.0,0.0,0.0,0.0,0.0,0.0,0.0,0.0,0.0,0.0,0.0,0.0,0.0,0.0,0.0,0.0,0.0,0.82,0.8172000000000001,0.7628662167707789,0.8715337832292214,0.82,0.8197999999999998,0.7686926619750155,0.870907338024984,0.82,0.8269999999999998,0.7731576374961127,0.880842362503887,0.82,0.8340000000000002,0.783443101360942,0.8845568986390584
33,0.2,0.25,0.2,0.3,0.0,0.0,0.0,0.0,0.0,0.0,0.0,0.0,0.0,0.0,0.0,0.0,0.0,0.0,0.0,0.0,0.0,0.0,0.0,0.0,0.82,0.8202000000000002,0.7662744958298953,0.874125504170105,0.82,0.8244,0.7709898885977571,0.877810111402243,0.82,0.8393999999999998,0.7864505901827035,0.8923494098172962,0.82,0.8177999999999997,0.7614514418995478,0.8741485581004517
34,0.2,0.3,0.2,0.3,0.02,0.0202,0.002201111145406779,0.038198888854593216,0.08,0.081,0.0471326115562478,0.1148673884437522,0.06,0.056799999999999996,0.024215341032933914,0.08938465896706607,-0.02,-0.0164,-0.035453608582103294,0.0026536085821032875,0.04,0.0398,0.011305088173500174,0.06829491182649983,0.82,0.8181999999999999,0.7628397254342069,0.873560274565793,0.9,0.8982000000000001,0.8542823497896348,0.9421176502103654,0.86,0.8608,0.8154639216517352,0.9061360783482648,0.88,0.8826,0.8369355718310193,0.9282644281689808
35,0.2,0.35,0.2,0.3,0.0,0.0,0.0,0.0,0.16,0.1568,0.10551881436628048,0.20808118563371952,0.16,0.1502,0.09352584363221628,0.20687415636778372,0.0,0.0,0.0,0.0,0.16,0.1548,0.09882714943832144,0.21077285056167855,0.84,0.8362000000000002,0.7926849451338966,0.8797150548661037,1.0,1.0,1.0,1.0,1.0,1.0,1.0,1.0,1.0,1.0,1.0,1.0
36,0.25,0.2,0.2,0.3,0.0,0.0,0.0,0.0,0.0,0.0,0.0,0.0,0.0,0.0,0.0,0.0,0.0,0.0,0.0,0.0,0.0,0.0,0.0,0.0,0.72,0.7142000000000002,0.6496216754630474,0.778778324536953,0.72,0.7312000000000001,0.668378347681711,0.7940216523182891,0.72,0.7209999999999998,0.6613761792569444,0.7806238207430551,0.72,0.722,0.652,0.7919999999999999
37,0.25,0.25,0.2,0.3,0.04,0.04,0.011574659192896214,0.06842534080710379,0.1,0.1014,0.06087790726035981,0.14192209273964018,0.04,0.0378,0.012048106865707911,0.06355189313429209,-0.06,-0.0574,-0.09082514023904761,-0.023974859760952386,0.0,0.0,0.0,0.0,0.74,0.7486,0.6856552623327414,0.8115447376672587,0.84,0.8406000000000001,0.7898098434733659,0.8913901565266343,0.74,0.7368000000000001,0.6789920420703172,0.7946079579296831,0.78,0.7822,0.72861679367563,0.83578320632437
38,0.25,0.3,0.2,0.3,0.08,0.0798,0.03985053191843475,0.11974946808156524,0.24,0.24280000000000002,0.18421536037492423,0.3013846396250758,0.22,0.2192,0.16421491111219336,0.2741850888878067,-0.02,-0.018600000000000002,-0.0390460265088354,0.0018460265088354015,0.14,0.1402,0.08909266197501575,0.19130733802498423,0.76,0.7746000000000001,0.7133558982431778,0.8358441017568223,1.0,1.0,1.0,1.0,0.9,0.8917999999999999,0.8423959515828915,0.9412040484171084,0.98,0.9833999999999999,0.9664164785748066,1.0003835214251933
39,0.25,0.35,0.2,0.3,0.0,0.0,0.0,0.0,0.08,0.0754,0.041007558970029466,0.10979244102997052,0.08,0.08439999999999999,0.044242310823454985,0.124557689176545,0.0,0.0,0.0,0.0,0.08,0.08,0.042905526018017184,0.11709447398198282,0.92,0.9238000000000003,0.8914648797744622,0.9561351202255384,1.0,1.0,1.0,1.0,1.0,1.0,1.0,1.0,1.0,1.0,1.0,1.0
40,0.3,0.2,0.2,0.3,0.04,0.040999999999999995,0.015019237886466835,0.06698076211353315,0.06,0.06599999999999999,0.034567532708996575,0.09743246729100341,0.04,0.04119999999999999,0.008480586802327876,0.07391941319767209,-0.02,-0.019799999999999998,-0.03949670023125701,-0.00010329976874299054,0.0,0.0,0.0,0.0,0.68,0.6772000000000001,0.6175329236513135,0.7368670763486868,0.74,0.75,0.693750555558299,0.806249444441701,0.68,0.6718000000000001,0.6025702376141591,0.7410297623858411,0.72,0.7162,0.6547056100119694,0.7776943899880305
41,0.3,0.25,0.2,0.3,0.22,0.2182,0.15746483720281965,0.27893516279718034,0.3,0.29719999999999996,0.23401645783908592,0.360383542160914,0.28,0.27780000000000005,0.21754089280448974,0.33805910719551036,-0.02,-0.016200000000000003,-0.03261828249239244,0.00021828249239243258,0.06,0.05739999999999999,0.02482332122514635,0.08997667877485363,0.68,0.6725999999999999,0.6029348006534108,0.742265199346589,0.98,0.9795999999999999,0.9598050511493461,0.9993949488506537,0.74,0.7444,0.6832392282586297,0.8055607717413702,0.96,0.9643999999999999,0.9349273007683381,0.9938726992316618
42,0.3,0.3,0.2,0.3,0.04,0.0386,0.009859088393024133,0.06734091160697588,0.12,0.12319999999999999,0.07589503197337513,0.17050496802662485,0.12,0.12000000000000002,0.07413062023528116,0.16586937976471888,0.0,0.0,0.0,0.0,0.08,0.0852,0.04676876270532003,0.12363123729467997,0.88,0.875,0.827978728217965,0.922021271782035,1.0,1.0,1.0,1.0,0.96,0.9625999999999999,0.9355215953202556,0.9896784046797442,1.0,1.0,1.0,1.0
43,0.3,0.35,0.2,0.3,0.0,0.0,0.0,0.0,0.0,0.0,0.0,0.0,0.0,0.0,0.0,0.0,0.0,0.0,0.0,0.0,0.0,0.0,0.0,0.0,1.0,1.0,1.0,1.0,1.0,1.0,1.0,1.0,1.0,1.0,1.0,1.0,1.0,1.0,1.0,1.0
44,0.35,0.2,0.2,0.3,0.24,0.25500000000000006,0.20565428083409873,0.30434571916590136,0.26,0.26780000000000004,0.20609781203231126,0.3295021879676888,0.2,0.198,0.14414835192865497,0.2518516480713451,-0.06,-0.06799999999999999,-0.10321363372331802,-0.03278636627668197,-0.04,-0.04,-0.06785677655436824,-0.012143223445631762,0.72,0.732,0.6793882142481363,0.7846117857518636,0.98,0.9786,0.9595726512619336,0.9976273487380665,0.68,0.693,0.6341867361898695,0.7518132638101304,0.92,0.9198000000000002,0.879452013680978,0.9601479863190223
45,0.35,0.25,0.2,0.3,0.08,0.0876,0.04463210500850664,0.13056789499149335,0.08,0.079,0.043069511553556636,0.11493048844644337,0.08,0.074,0.035790053650914394,0.1122099463490856,0.0,0.0,0.0,0.0,0.0,0.00019999999999999998,-0.02610513257902344,0.026505132579023438,0.92,0.9216,0.8794877689975941,0.9637122310024059,1.0,1.0,1.0,1.0,0.92,0.9231999999999999,0.8882463163600743,0.9581536836399255,1.0,1.0,1.0,1.0
46,0.35,0.3,0.2,0.3,0.0,0.0,0.0,0.0,0.0,0.0,0.0,0.0,0.0,0.0,0.0,0.0,0.0,0.0,0.0,0.0,0.0,0.0,0.0,0.0,1.0,1.0,1.0,1.0,1.0,1.0,1.0,1.0,1.0,1.0,1.0,1.0,1.0,1.0,1.0,1.0
47,0.35,0.35,0.2,0.3,0.0,0.0,0.0,0.0,0.0,0.0,0.0,0.0,0.0,0.0,0.0,0.0,0.0,0.0,0.0,0.0,0.0,0.0,0.0,0.0,1.0,1.0,1.0,1.0,1.0,1.0,1.0,1.0,1.0,1.0,1.0,1.0,1.0,1.0,1.0,1.0
48,0.2,0.2,0.30000000000000004,0.3,0.0,0.0,0.0,0.0,0.0,0.0,0.0,0.0,0.0,0.0,0.0,0.0,0.0,0.0,0.0,0.0,0.0,0.0,0.0,0.0,0.82,0.8242,0.7700672003310378,0.8783327996689623,0.82,0.8270000000000001,0.7756677489291577,0.8783322510708425,0.82,0.8238000000000001,0.7759924692124767,0.8716075307875235,0.82,0.8247999999999999,0.7762926809646213,0.8733073190353784
49,0.2,0.25,0.30000000000000004,0.3,0.0,0.0,0.0,0.0,0.0,0.0,0.0,0.0,0.0,0.0,0.0,0.0,0.0,0.0,0.0,0.0,0.0,0.0,0.0,0.0,0.82,0.8256,0.7720776682122312,0.8791223317877688,0.82,0.8198000000000001,0.7602352453207437,0.8793647546792565,0.82,0.8194000000000001,0.7674419399900267,0.8713580600099735,0.82,0.8178,0.7571439203376941,0.8784560796623059
50,0.2,0.3,0.30000000000000004,0.3,0.06,0.05259999999999999,0.019415063658340385,0.0857849363416596,0.08,0.0802,0.042305937140496526,0.11809406285950347,0.06,0.0634,0.031393125738366764,0.09540687426163323,-0.02,-0.019000000000000003,-0.037411952639521975,-0.0005880473604780341,0.0,0.0,0.0,0.0,0.82,0.8195999999999999,0.7592689134856664,0.8799310865143334,0.9,0.9064000000000001,0.8706363312843888,0.9421636687156114,0.82,0.8138000000000001,0.764185889104006,0.8634141108959942,0.88,0.8846,0.8369466685319904,0.9322533314680097
51,0.2,0.35,0.30000000000000004,0.3,0.08,0.08719999999999999,0.0494089957794186,0.12499100422058138,0.16,0.16260000000000002,0.10458931132972134,0.22061068867027872,0.16,0.16560000000000002,0.11444689647733974,0.2167531035226603,0.0,0.0,0.0,0.0,0.08,0.0802,0.04075434117675304,0.11964565882324694,0.84,0.8402,0.7856843141838974,0.8947156858161025,1.0,1.0,1.0,1.0,0.92,0.9222,0.8839487255114291,0.9604512744885709,1.0,1.0,1.0,1.0
52,0.25,0.2,0.30000000000000004,0.3,0.0,0.0,0.0,0.0,0.0,0.0,0.0,0.0,0.0,0.0,0.0,0.0,0.0,0.0,0.0,0.0,0.0,0.0,0.0,0.0,0.72,0.7239999999999999,0.663933370329275,0.7840666296707247,0.72,0.7092,0.6449866057586114,0.7734133942413887,0.72,0.7163999999999998,0.6526266513345894,0.7801733486654102,0.72,0.7236,0.6625832809797184,0.7846167190202816
53,0.25,0.25,0.30000000000000004,0.3,0.02,0.0218,0.0013852994143925754,0.042214700585607424,0.12,0.1244,0.07121503971986065,0.17758496028013934,0.02,0.023000000000000003,0.00415855631858323,0.041841443681416776,-0.1,-0.10859999999999999,-0.15216650089231404,-0.06503349910768594,0.0,0.0,0.0,0.0,0.74,0.7418,0.682464007550223,0.8011359924497771,0.86,0.8561999999999999,0.807645288591116,0.9047547114088837,0.74,0.7322000000000002,0.6742417391565276,0.7901582608434727,0.76,0.767,0.7079153150131102,0.8260846849868898
54,0.25,0.3,0.30000000000000004,0.3,0.22,0.2138,0.16205485530023128,0.2655451446997687,0.24,0.24600000000000002,0.18862404684887582,0.3033759531511242,0.22,0.21280000000000002,0.1581359350212592,0.26746406497874087,-0.02,-0.0192,-0.03996920797719547,0.0015692079771954769,0.0,0.0,0.0,0.0,0.76,0.7696,0.7092357721825251,0.8299642278174748,1.0,1.0,1.0,1.0,0.76,0.7622000000000001,0.7045878485039833,0.8198121514960169,0.98,0.9802000000000001,0.9615463140371668,0.9988536859628333
55,0.25,0.35,0.30000000000000004,0.3,0.02,0.023799999999999998,0.005318658057381222,0.042281341942618775,0.08,0.076,0.035601980246551694,0.1163980197534483,0.08,0.0738,0.040013020259277395,0.10758697974072262,0.0,0.0,0.0,0.0,0.06,0.0562,0.022531617205455205,0.08986838279454479,0.92,0.9155999999999997,0.8751445924504521,0.9560554075495474,1.0,1.0,1.0,1.0,0.98,0.9820000000000002,0.9629212159716612,1.001078784028339,1.0,1.0,1.0,1.0
56,0.3,0.2,0.30000000000000004,0.3,0.04,0.039599999999999996,0.01232656970603074,0.06687343029396925,0.06,0.0594,0.029406000600120028,0.08939399939987998,0.04,0.0362,0.011919143342954314,0.060480856657045695,-0.02,-0.0186,-0.036545472966740114,-0.0006545270332598864,0.0,0.0,0.0,0.0,0.68,0.6692,0.6053614536506352,0.7330385463493648,0.74,0.7484000000000001,0.6942756986188274,0.8025243013811727,0.68,0.6784,0.6038517605841693,0.7529482394158307,0.72,0.7293999999999998,0.6637064691160536,0.7950935308839461
57,0.3,0.25,0.30000000000000004,0.3,0.3,0.2976,0.24674491175899896,0.348455088241001,0.3,0.30720000000000003,0.2466346633791242,0.36776533662087585,0.28,0.28099999999999997,0.217478350147371,0.34452164985262895,-0.02,-0.019000000000000003,-0.03697220075561143,-0.0010277992443885713,-0.02,-0.016800000000000002,-0.03393942822850284,0.00033942822850283744,0.68,0.6920000000000001,0.626334179362472,0.7576658206375281,0.98,0.9811999999999999,0.962909018615722,0.9994909813842777,0.66,0.6632000000000001,0.5983481688770472,0.728051831122953,0.96,0.9581999999999999,0.9265652090255048,0.9898347909744951
58,0.3,0.3,0.30000000000000004,0.3,0.12,0.12099999999999998,0.07165428083409867,0.1703457191659013,0.12,0.12359999999999999,0.08326341610894644,0.16393658389105353,0.12,0.11,0.06365347909497412,0.15634652090502588,0.0,0.0,0.0,0.0,0.0,0.0,0.0,0.0,0.88,0.8806,0.8318184461092105,0.9293815538907896,1.0,1.0,1.0,1.0,0.88,0.8843999999999999,0.8373612925347643,0.9314387074652354,1.0,1.0,1.0,1.0
59,0.3,0.35,0.30000000000000004,0.3,0.0,0.0,0.0,0.0,0.0,0.0,0.0,0.0,0.0,0.0,0.0,0.0,0.0,0.0,0.0,0.0,0.0,0.0,0.0,0.0,1.0,1.0,1.0,1.0,1.0,1.0,1.0,1.0,1.0,1.0,1.0,1.0,1.0,1.0,1.0,1.0
60,0.35,0.2,0.30000000000000004,0.3,0.26,0.25939999999999996,0.19883895641586083,0.3199610435841391,0.26,0.25299999999999995,0.1917872562287884,0.3142127437712115,0.22,0.21599999999999997,0.15474642867554575,0.27725357132445416,-0.04,-0.0382,-0.06429137788619067,-0.012108622113809319,-0.04,-0.0388,-0.06192055362658948,-0.01567944637341052,0.7,0.6964,0.6364413475801866,0.7563586524198135,0.96,0.9612000000000002,0.9356156297712843,0.986784370228716,0.66,0.6578,0.5965532858024204,0.7190467141975797,0.92,0.9212,0.8820265395963033,0.9603734604036968
61,0.35,0.25,0.30000000000000004,0.3,0.24,0.2354,0.17527646051669946,0.29552353948330057,0.08,0.072,0.03566819575083009,0.1083318042491699,0.08,0.07279999999999999,0.03532787702838281,0.11027212297161718,0.0,0.0,0.0,0.0,-0.16,-0.1518,-0.19828397573357942,-0.10531602426642057,0.92,0.9184,0.8771514848752103,0.9596485151247897,1.0,1.0,1.0,1.0,0.76,0.7604000000000001,0.6964012500122073,0.8243987499877928,1.0,1.0,1.0,1.0
62,0.35,0.3,0.30000000000000004,0.3,0.0,0.0,0.0,0.0,0.0,0.0,0.0,0.0,0.0,0.0,0.0,0.0,0.0,0.0,0.0,0.0,0.0,0.0,0.0,0.0,1.0,1.0,1.0,1.0,1.0,1.0,1.0,1.0,1.0,1.0,1.0,1.0,1.0,1.0,1.0,1.0
63,0.35,0.35,0.30000000000000004,0.3,0.0,0.0,0.0,0.0,0.0,0.0,0.0,0.0,0.0,0.0,0.0,0.0,0.0,0.0,0.0,0.0,0.0,0.0,0.0,0.0,1.0,1.0,1.0,1.0,1.0,1.0,1.0,1.0,1.0,1.0,1.0,1.0,1.0,1.0,1.0,1.0
64,0.2,0.2,0.4,0.3,0.0,0.0,0.0,0.0,0.0,0.0,0.0,0.0,0.0,0.0,0.0,0.0,0.0,0.0,0.0,0.0,0.0,0.0,0.0,0.0,0.82,0.8158,0.7555807339798964,0.8760192660201035,0.82,0.8108,0.7551281040380337,0.8664718959619663,0.82,0.8186,0.7661973283123846,0.8710026716876154,0.82,0.8238000000000001,0.7664801953946109,0.8811198046053893
65,0.2,0.25,0.4,0.3,0.0,0.0,0.0,0.0,0.02,0.018600000000000002,-0.0008432507570107703,0.038043250757010774,0.0,0.0,0.0,0.0,-0.02,-0.022000000000000002,-0.042880613017821104,-0.0011193869821789042,0.0,0.0,0.0,0.0,0.82,0.8136,0.764456943521999,0.862743056478001,0.84,0.8380000000000001,0.7865801594712704,0.8894198405287298,0.82,0.8198000000000002,0.7639792153405205,0.8756207846594799,0.82,0.8149999999999998,0.7650100010001999,0.8649899989997998
66,0.2,0.3,0.4,0.3,0.08,0.0756,0.038767405738938235,0.11243259426106177,0.1,0.10760000000000002,0.06435372848441154,0.1508462715155885,0.08,0.0764,0.0411432276009275,0.11165677239907248,-0.02,-0.0218,-0.03970977386791916,-0.0038902261320808394,0.0,0.0,0.0,0.0,0.82,0.8123999999999999,0.7609583826070757,0.8638416173929241,0.92,0.9276000000000001,0.8907456922463602,0.9644543077536399,0.82,0.8331999999999999,0.7766866387479916,0.8897133612520083,0.9,0.8974,0.8516480601504155,0.9431519398495845
67,0.2,0.35,0.4,0.3,0.16,0.1628,0.11372699316324707,0.21187300683675292,0.18,0.17980000000000002,0.12565242387696382,0.2339475761230362,0.18,0.18400000000000002,0.1228117658368866,0.24518823416311344,0.0,0.0,0.0,0.0,0.02,0.019799999999999998,0.0011463140371668068,0.03845368596283319,0.82,0.8223999999999999,0.7750477033291941,0.8697522966708057,1.0,1.0,1.0,1.0,0.84,0.8378,0.7957623977848403,0.8798376022151597,1.0,1.0,1.0,1.0
68,0.25,0.2,0.4,0.3,0.0,0.0,0.0,0.0,0.0,0.0,0.0,0.0,0.0,0.0,0.0,0.0,0.0,0.0,0.0,0.0,0.0,0.0,0.0,0.0,0.72,0.7252,0.6617259107981848,0.7886740892018151,0.72,0.7120000000000001,0.6532122461732038,0.7707877538267963,0.72,0.716,0.6513161534848151,0.7806838465151849,0.72,0.7210000000000001,0.65641672043013,0.7855832795698702
69,0.25,0.25,0.4,0.3,0.02,0.019,-0.00026136028425822674,0.03826136028425822,0.12,0.12340000000000001,0.08153784525373783,0.16526215474626219,0.02,0.0218,0.0028063168395384697,0.04079368316046153,-0.1,-0.105,-0.14764973622427224,-0.06235026377572775,0.0,0.0,0.0,0.0,0.74,0.7382000000000001,0.6860390950998739,0.7903609049001262,0.86,0.8578,0.8105648436014021,0.9050351563985979,0.74,0.7433999999999998,0.6834630331097742,0.8033369668902255,0.76,0.7551999999999999,0.6974335737646856,0.8129664262353141
70,0.25,0.3,0.4,0.3,0.2,0.20079999999999998,0.14888314339253578,0.2527168566074642,0.24,0.24220000000000003,0.18369222273919478,0.3007077772608053,0.2,0.201,0.14483061332006553,0.2571693866799345,-0.04,-0.037200000000000004,-0.06505964823898536,-0.009340351761014647,0.0,0.0,0.0,0.0,0.76,0.7711999999999999,0.7101872144546734,0.8322127855453264,1.0,1.0,1.0,1.0,0.76,0.7544,0.6958112638811861,0.8129887361188138,0.96,0.9620000000000001,0.9349445014830627,0.9890554985169374
71,0.25,0.35,0.4,0.3,0.1,0.09759999999999999,0.05495917449204342,0.14024082550795658,0.12,0.1276,0.08463210500850663,0.17056789499149336,0.12,0.127,0.07789806521123632,0.17610193478876368,0.0,0.0,0.0,0.0,0.02,0.0182,-0.00036771391421140665,0.03676771391421141,0.88,0.8824000000000001,0.8391075064243234,0.9256924935756767,1.0,1.0,1.0,1.0,0.9,0.8951999999999998,0.8534272816302312,0.9369727183697684,1.0,1.0,1.0,1.0
72,0.3,0.2,0.4,0.3,0.04,0.039200000000000006,0.00981701172446887,0.06858298827553114,0.06,0.0564,0.02511038510943288,0.08768961489056712,0.04,0.0368,0.008273521072519305,0.0653264789274807,-0.02,-0.0204,-0.039579155351578965,-0.0012208446484210378,0.0,0.0,0.0,0.0,0.68,0.6778,0.6126297613937158,0.7429702386062841,0.74,0.7368000000000001,0.6762875219479487,0.7973124780520515,0.68,0.6772,0.6047558145880568,0.7496441854119432,0.72,0.7246000000000001,0.6601109311588391,0.7890890688411611
73,0.3,0.25,0.4,0.3,0.3,0.2988,0.23456169367114355,0.3630383063288565,0.3,0.2948,0.23088630819613062,0.35871369180386936,0.28,0.27759999999999996,0.20976018867950763,0.3454398113204923,-0.02,-0.017,-0.034748239349298854,0.000748239349298848,-0.02,-0.0194,-0.03968891322865766,0.0008889132286576604,0.68,0.6709999999999999,0.6071642733259814,0.7348357266740184,0.98,0.9794000000000002,0.9591110867713425,0.9996889132286578,0.66,0.6464,0.5691533819510524,0.7236466180489476,0.96,0.9610000000000001,0.9289531592820759,0.9930468407179243
74,0.3,0.3,0.4,0.3,0.26,0.25680000000000003,0.20003945031978637,0.3135605496802137,0.14,0.1366,0.09464240235666488,0.17855759764333512,0.14,0.1388,0.08901486165530922,0.1885851383446908,0.0,0.0,0.0,0.0,-0.12,-0.11500000000000002,-0.15330143600441115,-0.0766985639955889,0.86,0.8616000000000001,0.8102439876937473,0.912956012306253,1.0,1.0,1.0,1.0,0.74,0.7382000000000001,0.6796102398025048,0.7967897601974954,1.0,1.0,1.0,1.0
75,0.3,0.35,0.4,0.3,0.0,0.0,0.0,0.0,0.0,0.0,0.0,0.0,0.0,0.0,0.0,0.0,0.0,0.0,0.0,0.0,0.0,0.0,0.0,0.0,1.0,1.0,1.0,1.0,1.0,1.0,1.0,1.0,1.0,1.0,1.0,1.0,1.0,1.0,1.0,1.0
76,0.35,0.2,0.4,0.3,0.24,0.23300000000000007,0.17398305328128205,0.2920169467187181,0.26,0.2624,0.19920000000000002,0.3256,0.22,0.22240000000000001,0.1717814263338051,0.2730185736661949,-0.04,-0.0404,-0.06752637093309755,-0.013273629066902444,-0.02,-0.0216,-0.04232293415518179,-0.0008770658448182117,0.68,0.6788000000000001,0.6175581842202569,0.7400418157797433,0.94,0.9440000000000002,0.9110151549950589,0.9769848450049414,0.66,0.6591999999999999,0.5885504423226867,0.7298495576773131,0.9,0.9026,0.8564129888388521,0.9487870111611478
77,0.35,0.25,0.4,0.3,0.28,0.28340000000000004,0.21516188748214093,0.35163811251785915,0.12,0.12320000000000002,0.07530678544929356,0.17109321455070647,0.12,0.1302,0.07901445516554503,0.181385544834455,0.0,0.0,0.0,0.0,-0.16,-0.156,-0.20349736834815166,-0.10850263165184834,0.88,0.888,0.8445488780351992,0.9314511219648008,1.0,1.0,1.0,1.0,0.72,0.708,0.6383149944392625,0.7776850055607374,1.0,1.0,1.0,1.0
78,0.35,0.3,0.4,0.3,0.06,0.061,0.027014709064067145,0.09498529093593286,0.0,0.0,0.0,0.0,0.0,0.0,0.0,0.0,0.0,0.0,0.0,0.0,-0.06,-0.0552,-0.08771092124194577,-0.02268907875805424,1.0,1.0,1.0,1.0,1.0,1.0,1.0,1.0,0.94,0.9423999999999999,0.9073822901948171,0.9774177098051827,1.0,1.0,1.0,1.0
79,0.35,0.35,0.4,0.3,0.0,0.0,0.0,0.0,0.0,0.0,0.0,0.0,0.0,0.0,0.0,0.0,0.0,0.0,0.0,0.0,0.0,0.0,0.0,0.0,1.0,1.0,1.0,1.0,1.0,1.0,1.0,1.0,1.0,1.0,1.0,1.0,1.0,1.0,1.0,1.0
80,0.2,0.2,0.5,0.3,0.0,0.0,0.0,0.0,0.0,0.0,0.0,0.0,0.0,0.0,0.0,0.0,0.0,0.0,0.0,0.0,0.0,0.0,0.0,0.0,0.82,0.8139999999999997,0.7591183090639507,0.8688816909360487,0.82,0.825,0.7653091296763064,0.8846908703236935,0.82,0.8208,0.7653080185972784,0.8762919814027216,0.82,0.824,0.7687913050326309,0.879208694967369
81,0.2,0.25,0.5,0.3,0.0,0.0,0.0,0.0,0.02,0.018799999999999997,-0.0015607465481990643,0.03916074654819906,0.0,0.0,0.0,0.0,-0.02,-0.018600000000000002,-0.03884944443682345,0.0016494444368234489,0.0,0.0,0.0,0.0,0.82,0.8161999999999999,0.7570260192314222,0.8753739807685776,0.84,0.835,0.7772851838779676,0.8927148161220323,0.82,0.8138000000000001,0.7637044912192721,0.8638955087807281,0.82,0.8224000000000001,0.7746272043941326,0.8701727956058677
82,0.2,0.3,0.5,0.3,0.06,0.0596,0.02530947652776353,0.09389052347223648,0.1,0.1106,0.06889100816370647,0.15230899183629354,0.06,0.059,0.025369656558399525,0.09263034344160047,-0.04,-0.036000000000000004,-0.0645657137141714,-0.007434286285828609,0.0,0.0,0.0,0.0,0.82,0.8252000000000002,0.7671228099853309,0.8832771900146694,0.92,0.9225999999999999,0.879924011435,0.9652759885649997,0.82,0.8245999999999999,0.7744917172515361,0.8747082827484637,0.88,0.8841999999999999,0.8383049022225684,0.9300950977774314
83,0.2,0.35,0.5,0.3,0.16,0.1552,0.10122815548825481,0.2091718445117452,0.18,0.19140000000000004,0.13538178867546738,0.2474182113245327,0.16,0.16140000000000002,0.11023321389807644,0.2125667861019236,-0.02,-0.0198,-0.040292925608609434,0.0006929256086094272,0.0,0.0,0.0,0.0,0.82,0.8155999999999999,0.7582882211059541,0.8729117788940457,1.0,1.0,1.0,1.0,0.82,0.8135999999999999,0.7606940457037206,0.8665059542962792,0.98,0.9797999999999999,0.9601032997687429,0.9994967002312569
84,0.25,0.2,0.5,0.3,0.0,0.0,0.0,0.0,0.02,0.02,0.0004040820577345776,0.03959591794226543,0.0,0.0,0.0,0.0,-0.02,-0.017,-0.034291616465790584,0.0002916164657905812,0.0,0.0,0.0,0.0,0.72,0.7175999999999999,0.6594773710161007,0.7757226289838991,0.74,0.7442,0.6766547559039128,0.8117452440960872,0.72,0.7174,0.6559082119303724,0.7788917880696277,0.72,0.713,0.6476777220237995,0.7783222779762005
85,0.25,0.25,0.5,0.3,0.02,0.0176,-0.002255477833585366,0.03745547783358537,0.08,0.084,0.04511555580955285,0.12288444419044717,0.02,0.023000000000000003,0.0006616920963113254,0.04533830790368868,-0.06,-0.061399999999999996,-0.09380432069956103,-0.028995679300438962,0.0,0.0,0.0,0.0,0.74,0.7357999999999998,0.6776763387250939,0.7939236612749057,0.82,0.8205999999999999,0.7696525761200823,0.8715474238799175,0.74,0.7282000000000001,0.6646330274434908,0.7917669725565093,0.76,0.7606,0.7088734110925532,0.8123265889074469
86,0.25,0.3,0.5,0.3,0.2,0.1948,0.14168728965680627,0.24791271034319373,0.24,0.2328,0.17563217688244548,0.28996782311755454,0.2,0.1998,0.14654626773642998,0.25305373226357003,-0.04,-0.041199999999999994,-0.07203115307606901,-0.010368846923930978,0.0,0.0,0.0,0.0,0.76,0.7490000000000002,0.6948612892654435,0.8031387107345569,1.0,1.0,1.0,1.0,0.76,0.7757999999999999,0.7131074167065992,0.8384925832934007,0.96,0.9624000000000001,0.9343600285306851,0.9904399714693152
87,0.25,0.35,0.5,0.3,0.16,0.1624,0.1127387474986786,0.21206125250132138,0.14,0.14520000000000002,0.09455456585238906,0.195845434147611,0.14,0.142,0.08852103217151625,0.19547896782848373,0.0,0.0,0.0,0.0,-0.02,-0.0206,-0.04008435269645877,-0.0011156473035412347,0.86,0.8584,0.8120379465510856,0.9047620534489145,1.0,1.0,1.0,1.0,0.84,0.8394000000000001,0.7834389421115006,0.8953610578884997,1.0,1.0,1.0,1.0
88,0.3,0.2,0.5,0.3,0.04,0.039200000000000006,0.012982448626921706,0.06541755137307831,0.12,0.113,0.07063255967137028,0.15536744032862973,0.04,0.035,0.009485298355653853,0.06051470164434615,-0.08,-0.0796,-0.11848238675801681,-0.040717613241983204,0.0,0.0,0.0,0.0,0.68,0.6874000000000001,0.626365255796391,0.7484347442036092,0.8,0.8018,0.7484262236674225,0.8551737763325774,0.68,0.6856000000000002,0.6204798034401003,0.7507201965599001,0.72,0.7230000000000001,0.669680210052927,0.7763197899470732
89,0.3,0.25,0.5,0.3,0.22,0.2228,0.15967979721198608,0.2859202027880139,0.34,0.34919999999999995,0.2876584693073043,0.4107415306926956,0.22,0.21559999999999999,0.1597731247516037,0.27142687524839626,-0.12,-0.11920000000000001,-0.16994800488689188,-0.06845199511310815,0.0,0.0,0.0,0.0,0.66,0.6652,0.6006634987003479,0.7297365012996522,1.0,1.0,1.0,1.0,0.66,0.6612,0.5873991869963481,0.7350008130036519,0.88,0.8752,0.826775212958651,0.923624787041349
90,0.3,0.3,0.5,0.3,0.32,0.3116,0.248027678978977,0.37517232102102294,0.16,0.16540000000000002,0.11027432540095317,0.22052567459904687,0.16,0.1536,0.10577699298454768,0.2014230070154523,0.0,0.0,0.0,0.0,-0.16,-0.15960000000000002,-0.2102738591386131,-0.10892614086138694,0.84,0.8314000000000001,0.7801550978145144,0.8826449021854859,1.0,1.0,1.0,1.0,0.68,0.6776000000000001,0.6133330567087558,0.7418669432912444,1.0,1.0,1.0,1.0
91,0.3,0.35,0.5,0.3,0.0,0.0,0.0,0.0,0.02,0.019200000000000002,3.336231886249749e-05,0.0383666376811375,0.02,0.018800000000000004,-0.00013568060567139412,0.0377356806056714,0.0,0.0,0.0,0.0,0.02,0.018400000000000003,-0.00308115453135608,0.039881154531356086,0.98,0.9828,0.9663027274981589,0.9992972725018411,1.0,1.0,1.0,1.0,1.0,1.0,1.0,1.0,1.0,1.0,1.0,1.0
92,0.35,0.2,0.5,0.3,0.2,0.2028,0.14644256925657453,0.2591574307434255,0.24,0.2458,0.18829904348621668,0.3033009565137833,0.18,0.18159999999999996,0.13118730318659788,0.23201269681340203,-0.06,-0.0548,-0.08216713357295573,-0.02743286642704428,-0.02,-0.022400000000000003,-0.04225547783358537,-0.002544522166414636,0.68,0.6708,0.5958909885260791,0.7457090114739208,0.92,0.9138000000000001,0.8760964192681916,0.9515035807318085,0.66,0.6507999999999998,0.5788878313496246,0.722712168650375,0.86,0.8607999999999998,0.8121444761614879,0.9094555238385117
93,0.35,0.25,0.5,0.3,0.32,0.321,0.24722330991430969,0.39477669008569033,0.16,0.154,0.1054613556019536,0.2025386443980464,0.16,0.16299999999999998,0.11623462819564029,0.20976537180435967,0.0,0.0,0.0,0.0,-0.16,-0.16519999999999996,-0.21655133883356883,-0.11384866116643108,0.84,0.8460000000000001,0.7912642712663841,0.9007357287336161,1.0,1.0,1.0,1.0,0.68,0.6742,0.6177521479593776,0.7306478520406224,1.0,1.0,1.0,1.0
94,0.35,0.3,0.5,0.3,0.08,0.0796,0.04382514849786236,0.11537485150213765,0.0,0.0,0.0,0.0,0.0,0.0,0.0,0.0,0.0,0.0,0.0,0.0,-0.08,-0.0816,-0.11865995143008151,-0.04454004856991851,1.0,1.0,1.0,1.0,1.0,1.0,1.0,1.0,0.92,0.9168,0.8748743515255876,0.9587256484744123,1.0,1.0,1.0,1.0
95,0.35,0.35,0.5,0.3,0.0,0.0,0.0,0.0,0.0,0.0,0.0,0.0,0.0,0.0,0.0,0.0,0.0,0.0,0.0,0.0,0.0,0.0,0.0,0.0,1.0,1.0,1.0,1.0,1.0,1.0,1.0,1.0,1.0,1.0,1.0,1.0,1.0,1.0,1.0,1.0
